customer_id,name,email,address,created_date,updated_date
1,Stephanie Brown,howardalejandra@example.net,"8273 Jerry Pine East Angela, ID 50196",2021-10-01 0:00:00,2021-10-01 0:00:00
2,Christopher Cooper,campbelljohn@example.net,"8273 Jerry Pine East Angela, ID 50196",2021-10-01 0:00:00,2021-10-01 0:00:00
3,Daniel White,colonricardo@example.net,"945 Goodwin Plain Suite 312 Dylanmouth, NY 14319",2021-10-01 0:00:00,2021-10-01 0:00:00
4,John Graham,luke19@example.net,"0441 Deleon Summit Apt. 068 Ryanborough, MD 52849",2021-10-01 0:00:00,2021-10-01 0:00:00
5,Tracy Mitchell,emilyreyes@example.org,"316 Petersen Walk Apt. 379 Davidland, WI 55093",2021-10-01 0:00:00,2021-10-01 0:00:00
6,Danielle Bradley,tiffanycantu@example.com,"1180 Barbara Heights East Todd, TN 44682",2021-10-01 0:00:00,2021-10-01 0:00:00
7,Danielle Bennett,vmurphy@example.com,"3123 Williams Lane Murrayberg, VT 95638",2021-10-01 0:00:00,2021-10-01 0:00:00
8,Diane Pratt,chapmansusan@example.com,"093 Greene Neck Meltonmouth, IN 08429",2021-10-01 0:00:00,2021-10-01 0:00:00
9,Michael Brown,aprildominguez@example.net,"4539 Kelly Motorway Suite 039 Lake Lacey, VA 87323",2021-10-01 0:00:00,2021-10-01 0:00:00
10,Joy Cortez,jodi66@example.org,"PSC 8677, Box 9363 APO AE 98507",2021-10-01 0:00:00,2021-10-01 0:00:00
11,Rachel Rosales,grahamlisa@example.com,"38818 Gregory Island Apt. 144 Taylorton, CO 57437",2021-10-01 0:00:00,2021-10-01 0:00:00
12,Dawn Nash,victoriasmith@example.net,"254 Lee Harbor North Alexandria, NH 96409",2021-10-01 0:00:00,2021-10-01 0:00:00
13,Carrie Allen,reesemelissa@example.org,"866 Lisa Extensions New Felicia, NV 24958",2021-10-01 0:00:00,2021-10-01 0:00:00
14,Roy Brown,krista46@example.org,"3050 Brandon Estate Braunchester, VA 24105",2021-10-01 0:00:00,2021-10-01 0:00:00
15,Holly Bell,corey95@example.net,"28523 Phillips Light Suite 664 South Zachary, MD 57574",2021-10-01 0:00:00,2021-10-01 0:00:00
16,Valerie Wolf,danielbailey@example.com,"230 Walter Lock Apt. 611 West Makayla, MA 09327",2021-10-01 0:00:00,2021-10-01 0:00:00
17,Kimberly Williams,rodriguezjessica@example.net,"030 Chelsea Pine Suite 989 Brownside, WV 14986",2021-10-01 0:00:00,2021-10-01 0:00:00
18,Andrew Medina,amandalogan@example.com,"8965 Johnson Prairie Williamsberg, ND 26502",2021-10-01 0:00:00,2021-10-01 0:00:00
19,William Kline,dianejones@example.com,"9427 Adams Ford Waltonmouth, NE 25472",2021-10-01 0:00:00,2021-10-01 0:00:00
20,Kathy Everett,alexander96@example.com,"7672 Nancy Bridge Brownberg, KY 90802",2021-10-01 0:00:00,2021-10-01 0:00:00
21,Gregory Lewis,oschmidt@example.org,"09830 Sanford Pines Apt. 807 New Stevenburgh, WY 27721",2021-10-01 0:00:00,2021-10-01 0:00:00
22,Lee Parker,imoore@example.net,"972 Case Greens Suite 210 Smithport, KS 01525",2021-10-01 0:00:00,2021-10-01 0:00:00
23,Lindsey Roberts,glennkatie@example.net,"385 Ortega Flats Suite 624 Gibsonshire, WI 90890",2021-10-01 0:00:00,2021-10-01 0:00:00
24,Keith Proctor,yjacobs@example.org,"53016 Joshua Cape Suite 379 East Amy, TN 78727",2021-10-01 0:00:00,2021-10-01 0:00:00
25,Benjamin Marquez,jonescasey@example.net,"313 Wilkins Oval East Alexanderside, TX 57407",2021-10-01 0:00:00,2021-10-01 0:00:00
26,Brian Morales MD,hugheshenry@example.org,"60042 Nicole Branch South Marisastad, SC 19542",2021-10-01 0:00:00,2021-10-01 0:00:00
27,Walter Bowers,fstrickland@example.com,"24669 Carolyn Extensions Apt. 596 Port Ryan, ID 63248",2021-10-01 0:00:00,2021-10-01 0:00:00
28,Brenda Hernandez,hollowayelizabeth@example.org,"991 Barr Garden Port Johntown, MN 88696",2021-10-01 0:00:00,2021-10-01 0:00:00
29,Darrell Mitchell,evansanthony@example.net,"47760 Rebecca Crossing South Lawrenceport, AK 03045",2021-10-01 0:00:00,2021-10-01 0:00:00
30,Kyle Turner,hubermichael@example.net,"3368 Valdez Estates Morrisview, WV 98438",2021-10-01 0:00:00,2021-10-01 0:00:00
31,Dr. Emily Guerra,brittanyhurst@example.org,"8069 Hale Turnpike New Stephenmouth, WA 60417",2021-10-01 0:00:00,2021-10-01 0:00:00
32,Victor Roach,tatecaroline@example.net,"3150 Powell Oval Suite 009 Lake Teresa, NJ 62545",2021-10-01 0:00:00,2021-10-01 0:00:00
33,Shane Bryant,ojones@example.org,"963 Martin Mountain Davenportfort, AK 86694",2021-10-01 0:00:00,2021-10-01 0:00:00
34,Derek Adams,meganray@example.org,"4495 Benjamin Cliff Port Melanie, ID 09537",2021-10-01 0:00:00,2021-10-01 0:00:00
35,Dr. Michele Nguyen,hadams@example.net,"851 Casey Knolls Apt. 303 Deanton, HI 69788",2021-10-01 0:00:00,2021-10-01 0:00:00
36,Catherine Robinson,jessica67@example.org,"552 Troy Lodge Staceyburgh, IN 10559",2021-10-01 0:00:00,2021-10-01 0:00:00
37,Jason Adams,staceyblackburn@example.org,"5001 Jordan Mill Apt. 363 East Lauramouth, TX 27776",2021-10-01 0:00:00,2021-10-01 0:00:00
38,Jeanette Craig,juansaunders@example.org,"34715 Brady Gardens Apt. 617 North Michaelhaven, SC 71207",2021-10-01 0:00:00,2021-10-01 0:00:00
39,Cory Maynard,gregory78@example.net,"307 Reyes Stream North Stephen, MN 84312",2021-10-01 0:00:00,2021-10-01 0:00:00
40,Mark Gonzalez,iarnold@example.com,"0203 Powell Mountains Hallfort, DE 52665",2021-10-01 0:00:00,2021-10-01 0:00:00
41,Jeffrey Holden,david82@example.net,"5365 Beth Station Schultzhaven, NV 62114",2021-10-01 0:00:00,2021-10-01 0:00:00
42,John Boyer,mckaywilliam@example.net,"549 Cindy River Thomasville, NM 00907",2021-10-01 0:00:00,2021-10-01 0:00:00
43,Joshua Gardner,jeffreyhutchinson@example.net,"136 Joshua Neck Suite 386 Bradyport, MD 86720",2021-10-01 0:00:00,2021-10-01 0:00:00
44,Cathy Ellison,wschmidt@example.com,"892 Lacey Forest Suite 447 New Jeffreyberg, GA 82122",2021-10-01 0:00:00,2021-10-01 0:00:00
45,Patrick Wilson,penny32@example.org,"339 Walls Burg Apt. 865 Port Eric, MA 56700",2021-10-01 0:00:00,2021-10-01 0:00:00
46,Diana Dyer,obradley@example.org,"66164 Wood Spurs Suite 225 East Richard, TX 19093",2021-10-01 0:00:00,2021-10-01 0:00:00
47,Christopher Monroe,hturner@example.com,"1180 Barbara Heights East Todd, TN 44682",2021-10-01 0:00:00,2021-10-01 0:00:00
48,Alexandria Martinez,kennethgarcia@example.com,"8806 Gonzalez Fields Brookeberg, NM 40391",2021-10-01 0:00:00,2021-10-01 0:00:00
49,Brian Campbell,heidi77@example.org,"76275 Nina Cliffs Suite 173 New Andrew, TX 74908",2021-10-01 0:00:00,2021-10-01 0:00:00
50,Alyssa Macias,wallacesharon@example.org,"016 Rita Union Suite 543 Lake Tiffanymouth, ME 83152",2021-10-01 0:00:00,2021-10-01 0:00:00
51,Jared Robinson,calvin35@example.net,"1601 Julia Shoals Apt. 570 Benjaminmouth, UT 20551",2021-10-01 0:00:00,2021-10-01 0:00:00
52,Richard Barnes,sdiaz@example.net,"851 Casey Knolls Apt. 303 Deanton, HI 69788",2021-10-01 0:00:00,2021-10-01 0:00:00
53,Karen Torres,shane13@example.net,"280 Lisa ClubCharleschester, WV 38493",2021-10-01 0:00:00,2021-10-01 0:00:00
54,Pamela Chang,aperez@example.org,"73036 Clark HeightsNew Keithhaven, MT 31482",2021-10-01 0:00:00,2021-10-01 0:00:00
55,Tina Wood,mccoysusan@example.org,"34300 Joe Manors Apt. 553Kennethton, IA 89479",2021-10-01 0:00:00,2021-10-01 0:00:00
56,Samantha Murray,david85@example.net,USCGC AndersonFPO AP 24006,2021-10-01 0:00:00,2021-10-01 0:00:00
57,Bridget Moore,smithjohnny@example.com,"963 Martin MountainDavenportfort, AK 86694",2021-10-01 0:00:00,2021-10-01 0:00:00
58,Derek Dixon,pwilson@example.org,"4227 Marshall Ports Suite 386Smithstad, OR 34647",2021-10-01 0:00:00,2021-10-01 0:00:00
59,Thomas Carey,ecobb@example.org,"12290 Campbell TrafficwayAndradeberg, CT 67421",2021-10-01 0:00:00,2021-10-01 0:00:00
60,Anthony Gardner,heatherandrews@example.com,"791 Nicole Roads Suite 778East Diana, MS 13974",2021-10-01 0:00:00,2021-10-01 0:00:00
61,Mark Parks,davidhowell@example.org,"94908 Bowers Mountain Apt. 320New Josefurt, WI 03406",2021-10-01 0:00:00,2021-10-01 0:00:00
62,Steven Webb,linda57@example.org,"3782 Michael Track Suite 976North Richard, WI 91512",2021-10-01 0:00:00,2021-10-01 0:00:00
63,Matthew Mcfarland,murphydonna@example.net,"42316 Charles MillsLake Oliviaport, NH 81342",2021-10-01 0:00:00,2021-10-01 0:00:00
64,Julia Escobar,david85@example.net,"0869 Christine CrescentEast Samanthaland, IL 00502",2021-10-01 0:00:00,2021-10-01 0:00:00
65,Michael Stevens DDS,andersenanita@example.net,"59226 Eric Mall Suite 286Roseview, LA 44112",2021-10-01 0:00:00,2021-10-01 0:00:00
66,Katherine Mason,qgarcia@example.com,"88485 Wall MallReynoldsborough, FL 66706",2021-10-01 0:00:00,2021-10-01 0:00:00
67,Jennifer Gray,osimmons@example.net,"PSC 7717, Box 0749APO AE 02562",2021-10-01 0:00:00,2021-10-01 0:00:00
68,Jeremy Neal,sean37@example.com,"142 Waters Stream Apt. 142East Suzannestad, DE 25295",2021-10-01 0:00:00,2021-10-01 0:00:00
69,Patrick Diaz,nguyensteven@example.com,Unit 0669 Box 6921DPO AA 49923,2021-10-01 0:00:00,2021-10-01 0:00:00
70,Matthew Hernandez,bmccarty@example.com,"99678 Williams Branch Apt. 839Pollardbury, HI 50670",2021-10-01 0:00:00,2021-10-01 0:00:00
71,James Morales,brownelizabeth@example.org,"806 Richard RidgesLake Kathy, FL 30343",2021-10-01 0:00:00,2021-10-01 0:00:00
72,Jason Turner,parsonsmarc@example.org,"1937 Teresa Oval Apt. 198East Rubentown, FL 86306",2021-10-01 0:00:00,2021-10-01 0:00:00
73,Michelle Garcia,deannahall@example.com,"04071 David VillagesNorth Michelleberg, GA 50207",2021-10-01 0:00:00,2021-10-01 0:00:00
74,David Schwartz,normansusan@example.net,"8989 Peterson View Suite 869Elizabethfurt, ND 08375",2021-10-01 0:00:00,2021-10-01 0:00:00
75,Jessica Evans,sarahrios@example.com,"4906 Natasha Run Suite 894Port Williamshire, SC 52499",2021-10-01 0:00:00,2021-10-01 0:00:00
76,Rhonda Rogers,grantrodgers@example.com,"769 Arnold Branch Suite 153Lisaview, MI 16269",2021-10-01 0:00:00,2021-10-01 0:00:00
77,Kristin Jones,stevenowens@example.com,"06476 Castaneda Mountains Apt. 790South Kevinmouth, VT 28144",2021-10-01 0:00:00,2021-10-01 0:00:00
78,Angela Mason,cynthiasnow@example.com,"5995 Danny MillsPort Rebeccaside, CT 03985",2021-10-01 0:00:00,2021-10-01 0:00:00
79,Leah Rice,douglasmyers@example.com,"84797 Janet VistaHollymouth, NC 71166",2021-10-01 0:00:00,2021-10-01 0:00:00
80,Diane Lee,johnsontracy@example.net,"491 Taylor Land Apt. 220Michaelfort, MO 55798",2021-10-01 0:00:00,2021-10-01 0:00:00
81,Renee Garza,victoriaking@example.org,"08267 Amanda Ford Apt. 834Lake Tiffanystad, NM 96408",2021-10-01 0:00:00,2021-10-01 0:00:00
82,Danielle Jensen MD,duanehall@example.net,"2937 Jean Shoals Suite 781Rodrigueztown, NC 98956",2021-10-01 0:00:00,2021-10-01 0:00:00
83,Kimberly Murray,evansvirginia@example.com,"105 David Views Apt. 076Leview, VT 76590",2021-10-01 0:00:00,2021-10-01 0:00:00
84,Victor James,douglasalec@example.org,"6412 Heidi Ferry Apt. 243Andreaville, WY 05552",2021-10-01 0:00:00,2021-10-01 0:00:00
85,Christian Mason,vhudson@example.org,"70677 Diana CourtsSouth Michael, IN 45811",2021-10-01 0:00:00,2021-10-01 0:00:00
86,Matthew Brown,englishdonna@example.net,"39343 Lee Plains Suite 275Johnsonmouth, WY 46725",2021-10-01 0:00:00,2021-10-01 0:00:00
87,Melvin Richardson,alexandermiguel@example.com,"6615 Michael SpurKennedytown, IL 54206",2021-10-01 0:00:00,2021-10-01 0:00:00
88,Lisa Walter,quinnjohn@example.org,"915 Nicole Lock Suite 080Cartershire, MD 61689",2021-10-01 0:00:00,2021-10-01 0:00:00
89,Rebecca Armstrong,ochristensen@example.net,"34234 Robert Greens Suite 367Smithside, OH 96124",2021-10-01 0:00:00,2021-10-01 0:00:00
90,Sergio Ramos,donna14@example.net,"999 Barbara Tunnel Suite 200Juliemouth, DE 70699",2021-10-01 0:00:00,2021-10-01 0:00:00
91,Luis Ramirez,butlersamuel@example.com,"97714 Tara RouteRileyside, MO 51484",2021-10-01 0:00:00,2021-10-01 0:00:00
92,Christopher Calderon,ldunlap@example.com,"3812 Zachary PortMargaretberg, KS 90552",2021-10-01 0:00:00,2021-10-01 0:00:00
93,Jake Cohen,madeline32@example.net,"780 Johnson Ranch Apt. 363New Christianmouth, OR 26366",2021-10-01 0:00:00,2021-10-01 0:00:00
94,Tiffany Wiley,amytaylor@example.org,"28233 George Mews Suite 884Ashleytown, DE 59375",2021-10-01 0:00:00,2021-10-01 0:00:00
95,Jason Brown,lauren36@example.org,"3810 Bailey FerryWeavermouth, NE 82380",2021-10-01 0:00:00,2021-10-01 0:00:00
96,Daniel Mann,lucasanthony@example.net,"230 Walter Lock Apt. 611West Makayla, MA 09327",2021-10-01 0:00:00,2021-10-01 0:00:00
97,Raymond Decker,howellmargaret@example.net,"280 Elijah Avenue Suite 057East Bradleyberg, RI 75996",2021-10-01 0:00:00,2021-10-01 0:00:00
98,James Lewis,xsnyder@example.org,"7147 Luna RanchBrownfurt, MI 32923",2021-10-01 0:00:00,2021-10-01 0:00:00
99,Nancy Johnson,christianstephanie@example.com,"397 Sara Mountains Suite 239Jamesstad, VA 14642",2021-10-01 0:00:00,2021-10-01 0:00:00
100,Tyler Wade,simonchristina@example.org,"594 Williams JunctionDuncanfurt, KY 68512",2021-10-01 0:00:00,2021-10-01 0:00:00
101,Justin Washington,michael47@example.com,"PSC 6526, Box 5860APO AE 06018",2021-10-01 0:00:00,2021-10-01 0:00:00
102,William Thomas,rhodesmelissa@example.com,"663 Jacob Prairie Apt. 353North Thomas, CO 38810",2021-10-01 0:00:00,2021-10-01 0:00:00
103,Jerry Lin,katie09@example.org,"PSC 1535, Box 8484APO AE 29472",2021-10-01 0:00:00,2021-10-01 0:00:00
104,Jeffrey Newton,gonzalesjacob@example.net,"69354 Tanner Ports Apt. 080Danielburgh, IA 69967",2021-10-01 0:00:00,2021-10-01 0:00:00
105,Brian Brown,johnstonchristopher@example.com,"771 Waters KeysMarymouth, NV 65508",2021-10-01 0:00:00,2021-10-01 0:00:00
106,Charles Cooper,ricardo01@example.net,"98849 Nancy Stravenue Suite 887New Shannon, KY 38301",2021-10-01 0:00:00,2021-10-01 0:00:00
107,Tammy Vance,wallacechristopher@example.org,USCGC FrenchFPO AA 32286,2021-10-01 0:00:00,2021-10-01 0:00:00
108,Timothy Huber,xthomas@example.com,"34789 Shelia MillEast Joannstad, CA 39920",2021-10-01 0:00:00,2021-10-01 0:00:00
109,Rebecca Jackson,krista26@example.com,"7654 Henry CenterLake Tiffanystad, CT 61548",2021-10-01 0:00:00,2021-10-01 0:00:00
110,Ms. Theresa Nguyen,guzmanjennifer@example.org,"9503 Ryan Haven Apt. 295Lake Kimberlyside, NH 88742",2021-10-01 0:00:00,2021-10-01 0:00:00
111,Michael Stevens,brobinson@example.com,"5522 Steve Island Apt. 730South Denisechester, WA 97362",2021-10-01 0:00:00,2021-10-01 0:00:00
112,Heather Hubbard,victoria22@example.org,"0246 Walker Ports Apt. 363Kennethside, NE 18447",2021-10-01 0:00:00,2021-10-01 0:00:00
113,Kevin Bradley,fguerrero@example.com,"542 Cherry WellsSouth Kim, IN 48373",2021-10-01 0:00:00,2021-10-01 0:00:00
114,Brian Gregory,ramirezalexander@example.net,"8257 Alvarez GlensPort Katrinastad, NH 53934",2021-10-01 0:00:00,2021-10-01 0:00:00
115,Jackie Brown,stephenbishop@example.com,"2479 Pitts DriveHayesburgh, SC 48817",2021-10-01 0:00:00,2021-10-01 0:00:00
116,Robert Freeman,matthewwilliams@example.net,"89137 Green CliffEast Bethville, MO 80858",2021-10-01 0:00:00,2021-10-01 0:00:00
117,Nathan Brooks,whitemary@example.net,"9545 Lambert RidgesNew Kevin, OH 22647",2021-10-01 0:00:00,2021-10-01 0:00:00
118,April Ramos,igray@example.org,"49876 Hall Common Apt. 268North Karlashire, SD 84611",2021-10-01 0:00:00,2021-10-01 0:00:00
119,Daniel Ward,daniel19@example.org,"877 Cheyenne BridgeHessland, ND 79054",2021-10-01 0:00:00,2021-10-01 0:00:00
120,Randall Mills,ychambers@example.org,"7672 Nancy BridgeBrownberg, KY 90802",2021-10-01 0:00:00,2021-10-01 0:00:00
121,Elizabeth Anthony,michellefleming@example.com,"29691 Jeremy BridgeNew Karlachester, NV 98540",2021-10-01 0:00:00,2021-10-01 0:00:00
122,Regina Smith,thamilton@example.com,"153 Boyd Walks Apt. 496Lake Thomas, MN 80627",2021-10-01 0:00:00,2021-10-01 0:00:00
123,Stephen Adkins,sherry56@example.com,USNS McdonaldFPO AA 39793,2021-10-01 0:00:00,2021-10-01 0:00:00
124,Emily Clark,millernicole@example.net,"798 Morton MountainsWest Brittany, UT 46951",2021-10-01 0:00:00,2021-10-01 0:00:00
125,Michelle Murillo,rebeccarangel@example.net,"98738 Angela Plains Apt. 721Williamsmouth, CO 13357",2021-10-01 0:00:00,2021-10-01 0:00:00
126,Traci Calderon,conniejones@example.org,"35686 Emily Flat Suite 548South Patrick, NE 11336",2021-10-01 0:00:00,2021-10-01 0:00:00
127,Timothy Collins,montoyagerald@example.com,"30915 Miller Squares Apt. 900South Heatherview, NE 38867",2021-10-01 0:00:00,2021-10-01 0:00:00
128,Suzanne Garner,whitejonathan@example.org,"98233 Hill HarborRebeccafurt, NV 07083",2021-10-01 0:00:00,2021-10-01 0:00:00
129,Jamie Johnson,heather53@example.com,"29559 Nancy MeadowsPort Zachary, DC 91477",2021-10-01 0:00:00,2021-10-01 0:00:00
130,Nicole Spencer,cmiller@example.net,"35155 Phillips DamSouth Stephanieborough, MI 84688",2021-10-01 0:00:00,2021-10-01 0:00:00
131,Carla Hernandez,eflores@example.com,"68501 Rebecca Landing Suite 259Michaelchester, TN 86880",2021-10-01 0:00:00,2021-10-01 0:00:00
132,Vickie Baird,timdavid@example.org,"5317 Rebecca WalkNicoleshire, VA 41018",2021-10-01 0:00:00,2021-10-01 0:00:00
133,Christopher Snyder,joshuawu@example.com,"3255 Flores BranchGibbsport, DC 85724",2021-10-01 0:00:00,2021-10-01 0:00:00
134,Connie Berger,jennifer43@example.com,"5925 Richard Drives Apt. 758South Kyle, IN 24306",2021-10-01 0:00:00,2021-10-01 0:00:00
135,Latasha Shelton,darnold@example.net,"44024 Heather Coves Suite 049North Sarah, IN 65867",2021-10-01 0:00:00,2021-10-01 0:00:00
136,Kristie Garcia,heather04@example.com,"91357 Logan CornerEast Kimberly, NY 70728",2021-10-01 0:00:00,2021-10-01 0:00:00
137,Philip Smith,freemanwillie@example.net,"7488 Gonzalez TrackThomasfurt, MN 99335",2021-10-01 0:00:00,2021-10-01 0:00:00
138,Mr. Troy Austin,jay94@example.com,"25793 Chris Ramp Apt. 455Williamton, NJ 79913",2021-10-01 0:00:00,2021-10-01 0:00:00
139,Richard Joyce,huangandrew@example.com,"31072 Matthew ViaductNew Stevenberg, NE 05832",2021-10-01 0:00:00,2021-10-01 0:00:00
140,Gail Roberts,brookehoward@example.com,"8345 Hicks ShoresMicheleport, GA 80024",2021-10-01 0:00:00,2021-10-01 0:00:00
141,Whitney Brennan,john58@example.org,"4806 Kelley RoadsWest Donnaberg, NV 98332",2021-10-01 0:00:00,2021-10-01 0:00:00
142,James Nguyen,abigail59@example.net,"5310 Giles CampLake Sarahmouth, ND 47074",2021-10-01 0:00:00,2021-10-01 0:00:00
143,Michael Jimenez,whitneyrivers@example.com,"49763 Fernandez SummitNew Stephenchester, TX 95881",2021-10-01 0:00:00,2021-10-01 0:00:00
144,Mitchell Powell,rileymorgan@example.org,"69547 Kerr Court Apt. 519Hoffmanmouth, VT 41026",2021-10-01 0:00:00,2021-10-01 0:00:00
145,Stephanie Price,xwood@example.net,"61100 Anthony RapidRebeccaside, WV 10934",2021-10-01 0:00:00,2021-10-01 0:00:00
146,Michele Jensen,ycole@example.com,"3207 Clarence HillSouth Matthew, NE 03005",2021-10-01 0:00:00,2021-10-01 0:00:00
147,Jesse Rose DVM,benjamin97@example.org,"5902 Davila Falls Suite 338Wrightchester, CT 81956",2021-10-01 0:00:00,2021-10-01 0:00:00
148,Valerie Nash,christian05@example.com,USCGC GregoryFPO AA 77333,2021-10-01 0:00:00,2021-10-01 0:00:00
149,George Smith,colemanbill@example.org,"684 Smith Courts Suite 051New Mirandachester, AZ 25613",2021-10-01 0:00:00,2021-10-01 0:00:00
150,Kevin Alexander,thomashammond@example.net,"5403 Werner Dam Apt. 939East Michaelberg, MA 56122",2021-10-01 0:00:00,2021-10-01 0:00:00
151,James Booth,jeffreyhuff@example.org,"5001 Jordan Mill Apt. 363East Lauramouth, TX 27776",2021-10-01 0:00:00,2021-10-01 0:00:00
152,David Nichols,nduffy@example.org,"56647 Lee HarborsNew Michelle, WY 85952",2021-10-01 0:00:00,2021-10-01 0:00:00
153,Sheri Dyer,xwagner@example.net,Unit 2884 Box 2972DPO AP 54549,2021-10-01 0:00:00,2021-10-01 0:00:00
154,Stephen Zimmerman,sarah70@example.net,"99976 Quinn RoadBrandonstad, AL 99600",2021-10-01 0:00:00,2021-10-01 0:00:00
155,Robert Moreno,joseph84@example.org,"2438 Gallagher Place Suite 362Crawfordshire, VA 85129",2021-10-01 0:00:00,2021-10-01 0:00:00
156,Jennifer Peters,xsantos@example.org,"7295 Derek Run Suite 895East Virginia, MN 20840",2021-10-01 0:00:00,2021-10-01 0:00:00
157,Matthew Neal,kimberly93@example.org,"5995 Danny MillsPort Rebeccaside, CT 03985",2021-10-01 0:00:00,2021-10-01 0:00:00
158,Robert Lopez,woodmichelle@example.com,"48031 Williams Mount Suite 319West Allison, OR 87338",2021-10-01 0:00:00,2021-10-01 0:00:00
159,Casey Owens,jennifer63@example.org,"216 Ethan Rest Apt. 704Hayeshaven, KY 29856",2021-10-01 0:00:00,2021-10-01 0:00:00
160,Carlos Boyle,stephen95@example.org,"135 Amanda CreekNorth Kyle, CO 12101",2021-10-01 0:00:00,2021-10-01 0:00:00
161,James Mayo,laurabrown@example.com,"825 Harrell CliffJenniferside, IN 10645",2021-10-01 0:00:00,2021-10-01 0:00:00
162,Mr. Kent Lawson,richardsjudith@example.com,"8163 Matthew Valleys Suite 891West Benjamin, NV 85248",2021-10-01 0:00:00,2021-10-01 0:00:00
163,Jason Franklin,ajenkins@example.com,USCGC PriceFPO AE 34250,2021-10-01 0:00:00,2021-10-01 0:00:00
164,Susan Odom,gail90@example.org,"005 Lee Garden Apt. 003Matthewborough, IL 26764",2021-10-01 0:00:00,2021-10-01 0:00:00
165,Rose Smith,laura41@example.net,"72273 Emily CovesCarlmouth, TN 39419",2021-10-01 0:00:00,2021-10-01 0:00:00
166,Donald Jones,frodriguez@example.org,"6162 Hayden Ville Apt. 091Davidmouth, SD 08322",2021-10-01 0:00:00,2021-10-01 0:00:00
167,Sharon Hurst,rkrueger@example.com,Unit 5009 Box 5142DPO AA 61490,2021-10-01 0:00:00,2021-10-01 0:00:00
168,Dustin Ponce,woodomar@example.org,"823 Lee Mountain Apt. 139Hillchester, VT 19253",2021-10-01 0:00:00,2021-10-01 0:00:00
169,Renee Lee,kimberly78@example.net,"5882 Colleen PinesWhitehaven, SC 39124",2021-10-01 0:00:00,2021-10-01 0:00:00
170,Aaron Cox,adamtate@example.net,"37142 Daniel CanyonMartinton, VA 33033",2021-10-01 0:00:00,2021-10-01 0:00:00
171,Sara Martinez,jdurham@example.net,"172 Rhonda GardensSouth Jacobmouth, FL 20868",2021-10-01 0:00:00,2021-10-01 0:00:00
172,Larry Ortiz,mullinsmike@example.org,USS HolmesFPO AA 62277,2021-10-01 0:00:00,2021-10-01 0:00:00
173,Laura Flores,terrizamora@example.net,"2682 Kathy MillKristineberg, CO 90669",2021-10-01 0:00:00,2021-10-01 0:00:00
174,Gary Cruz,adrianunderwood@example.net,Unit 1741 Box 9552DPO AE 68602,2021-10-01 0:00:00,2021-10-01 0:00:00
175,Michele Douglas,santiagocarol@example.org,"35621 Tina Row Suite 194New Melindachester, MT 74489",2021-10-01 0:00:00,2021-10-01 0:00:00
176,Jacqueline Mcknight,ashley61@example.org,"47179 Jennifer Roads Suite 108Angieville, MD 68040",2021-10-01 0:00:00,2021-10-01 0:00:00
177,Jason Sharp,megan93@example.com,"3183 Richard Fords Apt. 155East Jasmine, DE 13962",2021-10-01 0:00:00,2021-10-01 0:00:00
178,Mitchell Arroyo,tammy19@example.org,"73132 Jones GardensWrightport, PA 63742",2021-10-01 0:00:00,2021-10-01 0:00:00
179,Paul Giles,todd86@example.org,"34812 Lyons TunnelEast Catherinefort, NH 34989",2021-10-01 0:00:00,2021-10-01 0:00:00
180,Brandon Gonzalez,pthompson@example.net,"42561 Alexis Mountain Apt. 972Port Davidmouth, CA 57587",2021-10-01 0:00:00,2021-10-01 0:00:00
181,Lynn Cook,kanderson@example.org,"327 Joseph Terrace Apt. 654Georgestad, MO 14560",2021-10-01 0:00:00,2021-10-01 0:00:00
182,Mariah Lynch,ricejudith@example.org,"759 Sarah RoadsSmithbury, AR 44030",2021-10-01 0:00:00,2021-10-01 0:00:00
183,Matthew Frost,nshort@example.net,"672 Martin GrovesLisabury, HI 69575",2021-10-01 0:00:00,2021-10-01 0:00:00
184,Heather Ball,smithbrian@example.com,"9452 Carol PointsNorth Randy, GA 72762",2021-10-01 0:00:00,2021-10-01 0:00:00
185,Megan Clark,collinsandrew@example.com,"4859 Hernandez Lake Apt. 188West William, NC 65973",2021-10-01 0:00:00,2021-10-01 0:00:00
186,Monica Ballard,elizabethdyer@example.org,USCGC PriceFPO AE 34250,2021-10-01 0:00:00,2021-10-01 0:00:00
187,Glenda Young,jacobjenkins@example.org,"11252 Reyes MountainNorth Ariana, RI 71926",2021-10-01 0:00:00,2021-10-01 0:00:00
188,Jake Campbell,marshallanthony@example.net,"13299 Russell Throughway Suite 911New Jesustown, ND 51691",2021-10-01 0:00:00,2021-10-01 0:00:00
189,Vincent Morris,bmurray@example.net,"70677 Diana CourtsSouth Michael, IN 45811",2021-10-01 0:00:00,2021-10-01 0:00:00
190,Patricia Duncan,lindsayodom@example.com,USNV MezaFPO AE 21331,2021-10-01 0:00:00,2021-10-01 0:00:00
191,Deborah Silva,dmccarthy@example.com,"4178 Ortiz SummitOrtegaport, IA 83493",2021-10-01 0:00:00,2021-10-01 0:00:00
192,Ashley Larson,wmccullough@example.org,"9305 Ayers Dam Apt. 048Lake Beckymouth, DC 42292",2021-10-01 0:00:00,2021-10-01 0:00:00
193,Christopher Hampton,vgutierrez@example.net,"775 Flores Unions Suite 172Robertchester, KS 94143",2021-10-01 0:00:00,2021-10-01 0:00:00
194,Michael Solis,emily86@example.net,"57163 Ross Street Apt. 069North Todd, AL 63863",2021-10-01 0:00:00,2021-10-01 0:00:00
195,Gina Smith,melissajames@example.com,USNS DavidsonFPO AA 92149,2021-10-01 0:00:00,2021-10-01 0:00:00
196,Christopher Bennett,tara64@example.com,"74163 Jones Highway Suite 709Gordonview, DC 30380",2021-10-01 0:00:00,2021-10-01 0:00:00
197,Samantha Gilmore,lsmith@example.net,"47040 Nathan Lakes Apt. 843South Patriciaburgh, OR 25091",2021-10-01 0:00:00,2021-10-01 0:00:00
198,Kenneth Smith,campbelljasmine@example.org,"37590 Morrow MillsEast Brentville, MA 78615",2021-10-01 0:00:00,2021-10-01 0:00:00
199,Tiffany Smith,yatesjocelyn@example.org,"639 Raven BurgsChristopherstad, OH 62675",2021-10-01 0:00:00,2021-10-01 0:00:00
200,Bradley Flores,linda17@example.org,"129 Erin CliffCareyfurt, WA 02486",2021-10-01 0:00:00,2021-10-01 0:00:00